{
  "Component-preload.js": 1628504210506,
  "controller/MyTaskUI.controller.js": 1628486240372,
  "model/models.js": 1628486240376,
  "manifest.json": 1628504210571,
  "Component.js": 1628504165886,
  "manifest-bundle.zip": 1628504210098,
  "i18n/i18n.properties": 1628486240372,
  "Component-dbg.js": 1628504165886,
  "controller/MyTaskUI-dbg.controller.js": 1628486240372,
  "model/models-dbg.js": 1628486240376,
  "view/MyTaskUI.view.xml": 1628497675192,
  "css/style.css": 1628486240372,
  "index.html": 1628497653828
}