{
    "resources": [
        {
            "name": "../../../../workflowuimodule/index.html"
        },
        {
            "name": "../../../../workflowuimodule/controller/MyTaskUI.controller.js"
        },
        {
            "name": "../../../../workflowuimodule/model/models.js"
        },
        {
            "name": "../../../../workflowuimodule/manifest.json"
        },
        {
            "name": "../../../../workflowuimodule/Component.js"
        },
        {
            "name": "../../../../workflowuimodule/manifest-bundle.zip"
        },
        {
            "name": "../../../../workflowuimodule/Component-preload.js",
            "merged": true
        },
        {
            "name": "../../../../workflowuimodule/Component-dbg.js",
            "isDebug": true
        },
        {
            "name": "../../../../workflowuimodule/controller/MyTaskUI-dbg.controller.js",
            "isDebug": true
        },
        {
            "name": "../../../../workflowuimodule/model/models-dbg.js",
            "isDebug": true
        },
        {
            "name": "../../../../sap-ui-version.json"
        },
        {
            "name": "../../../../workflowuimodule/view/MyTaskUI.view.xml"
        },
        {
            "name": "../../../../workflowuimodule/css/style.css"
        },
        {
            "name": "../../../../workflowuimodule/i18n/i18n.properties",
            "raw": "i18n/i18n.properties"
        }
    ]
}